,,,,
,,,,
,RETAILER NAME ,REFERENCE SIM,TELEPHONE,IP ADRESSE
,CHAMPION ADIDOGOME,8922801092156700960,70992327,192.168.4.130
,SADIV TOGO SARL,8922801052026928944F,91798595,10.10.7.18
,BIOAFRICA CORPORATION,8922801041458908383,93544038,10.10.6.163
,RAMCO SHOP1,8922801041458908193,,
,DORSI SARL,8922801041458908995,93544099,10.10.6.224
,ESTHETICA 2000,8922801041458908946,93544094,10.10.6.219
,SUPERAMCO ADIDOADE,8922801041458906155,,
,PHARMACIE NOTRE DAME,8922801041458908649,93544064,10.10.6.189
,SIDE TRAVEL & TOURS,8922801042388861551F,71200544,192.168.5.77
,PHARMACIE MICHELLE,8922501041458906213,93543821,10.10.6.121
,PHARMACIE AGOE NYIVE,8922801092156753555F,70997586,192.168.4.182
,PHARMACIE LE BON SAMARITAIN BJV,8922801041458905652,,
,CCT BATIMAT QUINCAILLERIE,8922801041458905892F,93543789,10.10.6.89
,SUPERMARCHE LA CONCORDE,8922801041458908177,,
,APELF,8922801042390707040,71383842,192.168.5.2
,SUPERAMCO ADIDOADE 2,8922801052142363067F,70750230,10.10.7.99
,VLISCO AFRICAN(VLISCO),8922801071916079196F,70542978,10.10.6.124
,LE PATIO 1,8922801092156754801F,70997711,192.168.4.154
,NASCO TRADING PROMOSTORE,8922801041458908086F,,
,LES NUITS D'ORIENT,8922801041458905504,,
,EUROPCAR,8922801041458908151,,
,EUROPCAR,8922801041458908854,,
,EUROPCAR ,8922801041458905694,93543769,10.10.6.69
,SOTIMEX1,8922801041458905413,93543741,10.10.6.41
,LA LYONNAISE,8922801041458905590,,
,PHARMACIE DE LA MAIRIE,8922801052024923368,70596770,10.10.7.59
,UNIVERS SANTE,8922801041458908011,93544001,10.10.6.126
,SUPERAMCO CAISSE RESIDENCE,8922801092156701281F,70992359,192.168.4.98
,SOTIMEX2,8922801041458905587,93543758,10.10.6.58
,PHARMACIE DE L'AEROPORT,8922801102391099472F,71618915,192.168.5.201
,MIAPLENOU,8922801041458908326,,
,VLISCO AFRICAN(WOODIN),8922801071916079295,70542988,10.10.6.233
,RAMCO ASSIVITO,8922801092156754850F,,
,SATGURU INVESTMENT,8922801042388861528F,,
,SPA FLEUR D'EBEN,8922801071916079170,,
,LA SAMARITAINE ATTIKOUME 1,8922801092156700937F,,
,LA SAMARITAINE ATTIKOUME 2,8922801092156701091F,,
,LA SUITE DE CIKA,8922801071916079246F,,
,CCT BATIMAT 1,8922801071916079162F,,
,CLINIQUE DENTAIRE NIFA,8922801041458908052F,,
,KRYSTAL OPTIQUE SARL,8922801041458908540,,
,RAMCO FREE SHOP,8922801092156701414F,,
,PHARMACIE LAUS DEO,8922801041458908870,,
,BLUE TURTLE,8922801041458905843,,
,LA MAIN A LA PATE ETS,8922801041458908045,,
,DIVINE OPTIQUE,8922801041458905777,,
,CONCORDE 2,8922801041458905298,,
,CAFE PARIS LEO2000,8922801041458908722,,
,PHARMACIE LE JOURDAIN,8922801041458906114,,
,RAMCO TOKOIN,8922801071916079212F,,
,RAMCO ASSIVITO,8922801071916079261,,
,CLINIQUE BIASA,8922801071916079345F,,
,CLINIQUE BIASA,8922801052024923483F,,
,ETS DJIBRIL-TRAORE,8922801041458908557,,
,ETS STAND TOFFA,8922801102391099480F,,
,ETS WILAC,8922801041458906122,,
,ESPACE MASSAGE,8922801041458908474,,
,ELHION,8922801041458905439,,
,LUMINA SARL,8922801071916079188,,
,ETS ABCD,8922801041458905579,,
,DA2G,8922801041458908987,,
,CAVE DE LA REPUBLIQUE,8922801041458905819,,
,HOTEL EDA-OBA,8922801041458905801,,
,HOTEL SANCTA MARIA,8922801092156754694F,,
,CLINIQUE AUTEL D ELIE,8922801041458908938,,
,VIDA AFRICA GEL SARL,8922801041458905314,,
,PHIL'S AGOE,8922801041458908094,,
,PHIL'S ADIDOGOME,8922801092153870568,,
,PHARMACIE DES ROSES,8922801041458905793F,,
,PACIFIQUE VOYAGE,8922801052026928845F,,
,CHEZ BROVI,89228010441458905827,,
,CHEZ BROVI 2,8922801042388878555F,,
,LE PETIT BRUSSEL(RECEPTION),8922801041458905512,,
,MICRO LINK 1,8922801041458908847,,
,MICRO LINK 2,8922801041458906163,,
,ANAIS CONCEPT HANOUKOPE,8922801041458905876,,
,ANAIS CONCEPT AEROPORT,8922801092153870691F,,
,NADIAKA,8922801041458906197,,
,GRACE LODGE,8922801042390707057F,,
,VERONICA GUEST HOUSE,8922801092156755048F,,
,HOTEL LE PELICAN,8922801042388861684F,,
,PHARMACIE MAINA,8922801071916079303F,,
,TAST LLER,8922801041458905918,,
,JOVANA BEAUTY HEDRANAWOE,8922801052026928852F,,
,ETS AFANTODJI,8922801052026928712F,,
,ADJOASIKA NA MAWU,8922801041458908920,,
,MULTITUDE AGENCE,8922801052026928785F,,
,MALINA GROUP,8922801042390706836F,,
,CHAMPION MILLENIUM 1,8922801092156701638F,,
,CHAMPION MILLENIUM 5,8922801092156701620F,,
,CHAMPION MILLENIUM 3,8922801092156701612F,,
,CHAMPION OKAVANGO,8922801092156700754,,
,CHAMPION OKAVANGO,8922801092156701182,,
,CHAMPION GRAND MARCHE2,8922801092156753415F,,
,CHAMPION BAGUIDA 2,8922801092156700937F,,
,CHAMPION BAGUIDA 3,8922801092156701091F,,
,CHAMPION AGOE ASSIYEYE 1,8922801092156701216F,,
,CHAMPION ADIDOGOME,8922801092156700945,,
,CHAMPION CASABLANCA,8922801052024864646,,
,CHAMPION CASABLANCA,8922801092156701158,,
,HOTEL SARAKAWA 3,8922801092156753639F,,
,HOTEL SARAKAWA 5,8922801092156753423F,,
,HOTEL SARAKAWA 4,8922801092156754629f,,
,HOTEL SARAKAWA 2,8922801092156753720f,,
,HOTEL SARAKAWA 1,8922801092156755089F,,
,LOUNA BIONA,8922801052026928860F,,
,HOTEL ZIND NAABA,8922801092156701646F,,
,CHAMPION AGOE ASSIYEYE 2,8922801092156701125F,,
,LE PATIO 2,8922801052026928688F,91798418,10.10.7.2
,LE WATT 2,8922801092156753407F,,
,HOTEL LE CLERGE DAFRIQUE,8922801041458906007,,
,TOGOPTIC,8922801052026929041,,
,LE WATT 1,8922801042390706638F,,
,JOVAVA BEAUTY,8922801052026928977F,,
,FIRST LINE TRADING,8922801041458905868,,
,O BALKAN,8922801052026928936F,91798593,10.10.7.17
,PHIL'S MILLENIUM,8922801052026929140F,,
,LE PETIT BRUSSEL,8922801042388861312F,,
,ZARA MALL,8922801052026929074F,,
,LE SALON D'ELLA,8922801052026929157F,,
,PARFUMERIE RAMCO,8922801092156701240F,,
,ODE DESIGN,8922801052026928761F,,
,LA SAMARITAINE SEGBE,8922801052024923350F,,
,LA SAMARITAINE ZANGUERA,8922801092156701117F,,
,CHICHI HOUSE,8922801041458905710,,
,SAMARITAINE ADAKPAME,8922801052024864539F,,
,CHAMPION MILLENIUM 4,8922801092156701075F,,
,CAVE DE LA REPUBLIQUE ASSIVITO,8922801041458905702,93543770,10.10.6.70
,LA VILLA,8922801092156753480F,,
,LA VILLA 2,8922801042390723567F,,
,WINGS'N SHAKE,8922801052024923327F,,
,DAFRIMEX,8922801042390723542,,
,CHAMPION BAGUIDA 1,8922801092156700796F,,
,PHARMACIE EPIPHANIE,8922801052024923194F,,
,SALT SALON VIP 2,8922801052024923301F,,
,SALT SALON VIP 2,8922801092153871616F,,
,TENS SARL,8922801052024923236F,,
,7 DAYS,8922801052024923137F,,
,RAMCO FREE SHOP,8922801092156701166F,,
,PERLES HAIR GBOSSIME,8922801092156753605,,
,HOTEL DU GOLFE,8922801052024923145F,,
,CLINIQUE BARRUET,8922801092156754918F,,
,PHARMACIE HORIZON,8922801041458908417,,
,HOTEL M'RODE,8922801052024923178F,,
,HOTEL M'RODE,8922801052024923152F,,
,LA CHUNGA,8922801052024923442F,,
,CCT BATIMAT 2,8922801052024923228F,,
,PHCIE DU 3 ARRON 2,8922801041458908185,,
,BIG BUUGER FAST FOOD,8922801042390706893F,,
,CHAMPION AGOE CENTRE,8922801092156701042F,,
,CHAMPION AGOE CENTRE,8922801092156700986F,,
,LE PHENICIEN (RECEPTION),8922801042390706745F,,
,SCI KARLIPE,8922801052026929025F,,
,LE PHENICIEN (4IEME ETAGE),8922801102391099506F,,
,CHAMPION MILLENIUM 6,8922801092156700846F,,
,CHAMPION MILLENIUM 2,8922801092156701562F,,
,CHAMPION OKAVANGO,8922801042388861338F,,
,CHAMPION GRAND MARCHE1,8922801092156700887F,,
,CHAMPION GRAND MARCHE3,8922801092156701422F,,
,CHAMPION AGOE ASSIYEYE 3,8922801092156700804F,,
,CHAMPION ADIDOGOME,8922801092156700788,,
,CHAMPION CASABLANCA,8922801092156701430,,
,CHAMPION ADIDOGOME,8922801092156701257,,
,COMPTOIR ESTHER,8922801052024923525F,,
,MAGIC CLUB VOYAGES,8922801052024923541F,,
,DELICE DE LA CAPITALE,8922801092156753798F,,
,PHIL'S KARA,8922801052142363539F,,
,HOTEL KARA,8922801052142363026F,,
,MARCELO BEACH(LA RECEPTION),8922801052024923509F,70596793,10.10.7.62
,DEVEENA,8922801041458908243,,
,ALCOR / (RELAIS DE LA CAISSE),8922801052024923608F,,
,PHARMACIE DELALI,8922801041458906080,,
,LA CASE DU CHEF,8922801052024923517f,,
,HOTEL LA DOUCEUR 1,8922801052142363018F,,
,EL NISSI,8922801052142363588F,,
,HOTEL LA DOUCEUR 2,8922801052024923491F,,
,HOTEL DE FRANCE,8922801052024864273F,,
,PHARMACIE DE L'ESPOIR,8922801052024864562F,,
,PHARMACIE KARA CENTRE,8922801052024864653F,,
,HOTEL PARC RESIDENCE,8922801052142363455F,,
,PHARMACIE D'ANEHO-WOEZ,8922801041458908227,,
,RESTAURANT MACUMBA,8922801052142363448F,,
,HOTEL IVANS-PLAZA,8922801052142363463F,,
,PHARMACIE LE ROCHER,8922801052142363471F,,
,MARCELO BEACH(LE BAR),8922801052142363554F,,
,PHCIE NOTRE DAME DE LA,8922801052142363497,,
,PHARMACIE ABRAHAM,8922801052142363596F,,
,JESS HOTEL,8922801052142363539F,,
,JESS HOTEL KPALIME,8922801052142363547F,,
,PAR-MART 1,8922801052142363463F,,
,PAR-MART 2,8922801052142363125F,,
,HOTEL LE GEYSER,8922801052142363760F,,
,MELKA BABY HOUSE,8922801052142363638F,,
,PHARMACIE FIDELIA,8922801052142363612F,,
,NEW TREICHVILLE,8922801052142363620F,,
,SADIV TOGO SARL,8922801052142363174F,,
,ORCA SARLU,8922801042390723591F,,
,IOKA- SCI CCO,8922801052142363182F,,
,PLURIAL,8922801052142363356F,,
,HEISTAL TOGO SAS ADIDOGOME,8922801042390723708F,,
,HEISTAL TOGO SAS,8922801052142363323F,,
,HEISTAL WUITI ,8922801052142363331F,,
,PHARMACIE EMMANUEL,8922801052142363257F,,
,PURE PLAGE,8922801052142363653F,70750289,10.10.7.158
,ETS AROUNA YOUSSAOU,8922801052142363679F,70750291,10.10.7.160
,EDF TOGO,8922801052142363380F,70750262,10.10.7.31
,CLINIQUE DE L'ATLANTIQUE,8922801052142363208F,,
,HOTEL AMEDZEFE,8922801052142363307F,70750254,10.10.7.123
,EL DORIA HOTEL,8922801052142363398F,,
,HOTEL CRISTAL,8922801052142363844F,70750308,10.10.7.176
,DOLLAR STORE,8922801052142363240F,70750248,10.10.7.117
,DOLLAR STORE,8922801052142363315,,
,HOTEL SOLIM PALACE,8922801052142363687F,70750292,10.10.7.161
,EL DORIA BAGUIDA(BAR 4 IEME ETAGE),8922801052142363737F,70750297,10.10.7.166
,EL DORIA BAGUIDA(LA RECEPTION),8922801052142363711F,70750295,10.10.7.164
,EL DORIA BAGUIDA(ROOF TOP),8922801052142363703F,70750294,10.10.7.163
,EL DORIA BAGUIDA(BAR RDC),8922801042390723401F,71385494,192.168.5.147
,LA CASA,8922801052142363885F,70750312,10.10.7.180
,LA PART DU BOUCHER,8922801052142363802F,,
,CALENDI,8922801052142363901,70750314,10.10.7.182
,SUNRISE MART,8922801052142363786F,,
,LA TERRAZZA,8922801052142363877F,,
,BODEGA,8922801052142363869,,
,CLUB HIPPIQUE DU TOGO,8922801052142363893F,,
,LEDI VISION KLIKAME,8922801052142363919F,,
,LEDI VISION ASSIGAME,8922801052142363927F,,
,SATGURU INVESTMENT KODJOVIAKOPE,8922801052142363810F,,
,HOTEL DEFALE,8922801052142363364F,,
,CABINET ELLE,8922801052142363133F,,
,PHARMACIE DE GBOSSIME,8922801041458908003,,
,DISTINCTION BY ABS NYEKONAKPOE,8922801052142363034F,,
,FAMILLE SAINTE OPTIQUE,8922801052142362945F,,
,WINNER JIT,8922801052142363042F,,
,WINNER JIT,8922801052142363166F,,
,RESTAURANT CHEZ FANNY,8922801052142363117F,,
,Hôtel WOEZO,8922801052142362929F,,
,EPICERIE DU LEVANT1,8922801052142362978F,,
,EPICERIE DU LEVANT 2,8922801052142363091F,,
,HETCHILY VIN DITALIE,8922801052142363000F,,
,LACCORDEON,8922801052142362994F,,
,CORAIL,8922801042388861478F,,
,LED,8922801041458908318,,
,EQEER,8922801052142362952,,
,PHARMACIE DES APOTRES,8922801042388861445F,,
,Hôtel LES MERVEILLES,8922801052142363125F,,
,FLANAD SARL,8922801052142363075F,,
,FLANAD SARL,8922801052142363158F,,
,PHARMACIE JANAP,8922801052142363059,,
,MAISON S,8922801052142363109F,,
,PHARMACIE DE KODJOVIAKOPE,8922801052142363986F,,
,CHYMS,8922801042388861395F,,
,RAMCO FREE SHOP,8922801092156700861F,,
,FAMILLE SAINTE OPTIQUE,8922801052024864281F,,
,SAJES TEXTILES,8922801052142363141F,,
,LONLON WELLNESS,8922801052142363521F,,
,HAPPY LIFE 2,8922801052142363836F,,
,HAPPY LIFE 3,8922801052142362937F,,
,Hôtel PAVILLON,8922801052142363653F,,
,PHARMACIE DES ETOILES,8922801052024864463F,,
,PHARMACIE VITALIS,8922801052024864174F,,
,HAPPY LIFE 1,8922801052024864182F,,
,NASCO TRADING TOKOIN SOTED,8922801052024864190F,,
,LE PETIT BRUSSEL(BAR),8922801052024864216F,,
,O COIN BBQ,8922801052024864224F,,
,ICED LONDON 228,8922801052024864406F,,
,CABINET MEDICAL COEUR DE GRACE,8922801052024864299F,,
,HOTEL SAINTE BRIGITTE,8922801052024864240F,,
,GROUPE LE VELOUTE,8922801052024864257F,,
,HOTEL MEKA 1,8922801092156701604F,,
,HOTEL MEKA 2,8922801052142363646F,,
,LUXE OPTIQUE,8922801052024864380,,
,ESKAPAD DU CHEF,8922801052024864364F,,
,HARMONY ANDY SHOP (ANDY'S HAIR NYEKONAKPOE),8922801052024864398F,,
,PHARMACIE BON SECOUR,8922801052024864166,,
,EFAGE SHOP,8922801052024864513F,,
,LAFRIKLUB,8922801052024864307F,,
,PHARMACIE DE L ACITE,8922801052024864323,,
,PHARMACIE DE LA PROVIDENCE,8922801052024864489F,,
,ECOLE LA MADONE,8922801052024864455F,,
,ECOLE LA MADONE,8922801052024864331F,,
,SOBIREX,8922801052024864356F,,
,RESIDENCE HOTELIERE LAURIA,8922801052024864448F,,
,RESIDENCE HOTELIERE LAURIA,8922801052024864547F,,
,RAMCO LG SHOP TOKOIN,8922801052024864653F,,
,PHARMACIE AVE MARIA,8922801052024864349F,,
,ETS AMEDOME,8922801052024864604F,,
,CABINET MEDICAL SPECIALISE SANTE 24,8922801052024864521F,,
,PHARMACIE AVEPOZO,8922801052024864471F,,
,PROJEA ET FILS,8922801052024864505F,,
,MA BOUTIQUE DECO,8922801052024864612F,,
,PHARMACIE DE LUNION,8922801042390706828F,,
,PHARMACIE 2000,8922801052142363604F,,
,MOMO GLOBAL INVESTMENT,8922801052026929017F,,
,CLINIQUE BIASA,8922801071916079287F,,
,ICONA EYEWEAR,8922801052024864497F,,
,RESTAURANT MASTER CHEF,8922801052024923202f,,
,SANOL AVEDJI,8922801052142363646F,,
,SANOL ADIDOADIN,8922801041458905355,,
,SANOL FILO PARC,8922801041458908730,,
,SANOL WONYOME,8922801042390706935F,,
,SANOL DEMAKPOE,8922801041458908615,,
,SANOL SAGBADO,8922801041458908565,,
,OPERA LEGBASSITO,8922801052024864562F,,
,OPERA LEGBASSITO,8922801052024864430F,,
,OPERA AVEDJI,8922801052024864554F,,
,OPERA AVEDJI,8922801052024864596F,,
,PHARMACIE LA VIE,8922801092156701513F,,
,THE PARADISE VIP,8922801052024864570F,,
,I S ATMOSPHERE,8922801052024864620F,,
,I S LA CIVETTE,8922801052024864638F,,
,OPTIC EDEN,8922801052024923459F,,
,PHARMACIE MIDJODJI,8922801092156701521F,,
,PHARMACIE LA REFERENCE,8922801042388860000F,,
,KOFFENA TOTSI,8922801092153870642F,,
,CHEZ CHRIST,8922801092153870741F,,
,LE MADRIGAL,8922801092153871715F,,
,LE MADRIGAL,8922801092153870725F,,
,DISTINCTION BY ABS ADIDOADIN,8922801092153870550F,,
,RESIDENCE HOTELIERE LAURIA,8922801092153871723F,,
,RESTAURANT PICASSO,8922801092153870758F,,
,MOOV AFRICA TG HANOUKOPE,8922801092153871533F,,
,MOOV AFRICA PRIVILEGE,8922801092153870584F,,
,MOOV AFRICA AEROPORT,8922801092153871558F,,
,MOOV AFRICA TG AGOE,8922801092153871681F,,
,MOOV AFRICA ADIDOGOME,8922801092153871657,,
,TOGOCOM ASSIVITO,8922801092153871517F,,
,BAR LA FEKANDINE,8922801092153870519F,,
,BAR LA FEKANDINE,8922801092153870592F,,
,HOTSI DESIGN,8922801092153871608F,,
,TOGOCOM AEROPORT,8922801092153870626F,,
,CLINIQUE RABOUNI-EFFATA,8922801092153871590F,,
,LA TABLE D'AHOE,8922801092153871582F,,
,GARAGE LA REVELATION,8922801092153870667f,,
,GARAGE WINNER'S SHOP,8922801092153871632F,,
,LA GRACE NINO,8922801092153870717F,,
,JEWELS PARTENER SHIP,8922801092153870709F,,
,CONTES DE FEES,8922801092153870527F,,
,KA-TECHNOLOGIE,8922801092153870683F,,
,CLINIQUE LA BONTE,8922801092153871541F,,
,SANOL KPOGAN,8922801092153871574f,,
,PARADISE HOTEL,8922801092153871566F,,
,PHARMACIE DU NOUVEAU MARCHE,8922801092156701265F,,
,DOLCE PLAZZA,8922801092153870600F,,
,DOLCE PLAZZA,8922801092153870659F,,
,COLORIS WUITI,8922801092153871731F,,
,COLORIS AGBALEPEDO,8922801092153870618F,,
,ALLIANCE TOGO INFORMATIQUE,8922801092153870535F,,
,ANNE LA GRACIEUSE,8922801092153870543F,,
,CHAMPBELL SARL,8922801092153870733F,,
,CHAMPBELL DUTY FREE SHOP,8922801092153871749F,,
,MABELLE DESIGN BE,8922801042388861569F,,
,MABELLE DESIGN AGOE ,8922801092153871665F,,
,MABELLE DESIGN NYEKONAKPOE,8922801102391099654F,,
,MORIJA ROOM CLUB,8922801042388878589F,,
,CLINIQUE LA HARPE DE DAVID,8922801052024923285F,,
,HOLLY SHOP,8922801052026928985F,,
,BLESSING BODY,8922801092156701547F,,
,STANDARD FOODS TOTSI,8922801052024923277F,,
,STANDARD FOODS RPP,8922801092153871673F,,
,STANDARD FOODS ASSIVITO,8922801092153871707F,,
,STANDARD FOODS TOTAL BTCI,8922801092153871525F,,
,STANDARD FOODS KLIKAME,8922801092153871699F,,
,STANDARD FOODS AVEDJI,8922801092156701653F,,
,Hôtel ROYAUME FAUSTINA,8922801092156701539F,,
,JAH,8922801092156700838F,,
,7 SPICE,8922801092156701745F,,
,NUNANA GIFTS,8922801092156701729,,
,CERCLE DES ETOILES,8922801092156701711F,,
,CARMEL SEPOPO,8922801092156701737F,,
,LE CERCLE DEKON,8922801092156701752F,,
,CHAMPION AGBALEPEDO,8922801092156701687F,,
,CHAMPION AGBALEPEDO,8922801092156701703F,,
,CHAMPION AGBALEPEDO,8922801092156701695F,,
,PHARMACIE HYGEA,8922801092156701596f,,
,GMK,8922801092156701497F,,
,MONTECRISTO DISCOTHEQUE,8922801092156701570F,,
,MONTECRISTO DISCOTHEQUE,8922801092156701588F,,
,ARNOLDI ESPACE TOKOIN SOTED,8922801092156701554F,,
,RAMCO SA LG SHOPPE MILLENIUM,8922801092156701018F,,
,RAMCO SA DESI ROOF,8922801092156701307F,,
,RAMCO SA MAHARAJA,8922801092156701307F,,
,NGT ASSIGAME,8922801092156701455F,,
,NGN AEROPORT,8922801092156701034F,,
,HOTEL MALAIKA,8922801052024923434F,,
,NOUFALY SARL,8922801092156700952F,,
,K-WOLD BOUTIQUE,8922801092156701141F,,
,GROUPE RESEAU SOLEIL,8922801092156701364F,,
,PHARMACIE APOLLON,8922801092156701356F,,
,UNI COS ADIDOADIN,8922801092156700812F,,
,UNI-COS ADAKPAME,8922801092156701661F,,
,UNI-COS BE,8922801092156700903F,,
,UNICOS AVEPOZO,8922801092156701349F,,
,UNICOS WONYOME,8922801092156700911F,,
,UNI-COS HEDZRANAWOE,8922801092156701315F,,
,PHARMACIE SAINTE MARIE,8922801092156701323F,,
,AZ TEXTILE,8922801092156700895F,,
,EXPRESSIA HOLDING,8922801092156700994F,,
,STE AMBO SARL,8922801092156701463F,,
,CABINET MEDICAL ELITE,8922801092156701109F,,
,MDEY,8922801092156753647F,,
,CABINET DENTAIRE LE SOURIRE,8922801052024864232f,,
,SILA GROUP,8922801092156754702,,
,BLACK FASHION HANOUKOPE,8922801092156701232F,,
,LA PETITE EPICERIE,8922801092156701299F,,
,LA HUQQA,8922801092156700853F,,
,ATIKO TRAVELS,8922801092156701133F,,
,CELI FASHION,8922801002391099563F,,
,CHAMPION KARA,8922801042388878266F,,
,CHAMPION KARA,8922801042388878142F,,
,ATIKO TRAVELS AVEDJI,8922801092156700770F,,
,CLINIQUE ISIS,8922801102391099464F,,
,AURICA TRAVEL SERVICES,8922801092156701505F,,
,DEARS,8922801092156700762F,,
,HOTEL YABISSO,8922801092156701448F,,
,CHILDRENS PLACE BY KATOUCHA,8922801092156701067F,,
,MAISON DES JOUETS,8922801092156701372F,,
,HARMONIE CONCEPT,8922801092156700978F,,
,GALERIE COIN DU TRESOR,8922801092156700820,,
,GALERIE CONFORTIUM,8922801042390706695F,,
,LAT SHOP,8922801092156701380F,,
,CHIC AHMED,8922801092156701331F,,
,AUREL K ,8922801092156701059,,
,MR SHISHA,8922801092156701406F,,
,BUENA VISTA,8922801052026928720,,
,ECOFARM,8922801092156701083F,,
,OMED VOYAGE,8922801092156753811F,,
,CLUB 21,8922801052026928811f,,
,HOUSE OF J J HANOUKOPE,8922801052026928670F,,
,HOUSE OF J J AGBALEPEDO,8922801052026928746F,,
,WSM FASHION,8922801052024923426F,,
,SIGNATURE BAR RESTAURANT,8922801052026929108F,,
,IRON MAN SUPPLEMENTS,8922801052026929124F,,
,FASHION PREMIUM,8922801092156753803F,,
,FELTON SHOP,8922801052026928787F,,
,ARTNEGRA 2 FEVRIER,8922801052026928878F,,
,BAMBINI,8922801092156755147F,,
,JOYCE KA,8922801052026928928F,,
,ETS COFITEL,8922801041458905207,,
,CHANAN SEGBE,8922801092156754884F,,
,DORIGINE PARFUMERIE,8922801092153871756F,,
,INSTITUT AMEN DESIGN,8922801092156754744F,,
,MAGNILIM,8922801052024923263F,,
,BURGER FABRIC,8922801052026928910F,,
,LES TONTONS SARL 1,8922801052142363752F,,
,OMNICEL,8922801092156753779f,,
,AC-D,8922801092156754900F,,
,CLINIQUE PENIEL,8922801092156753753F,,
,ETS BJ,8922801092156755162F,,
,ENERGIUM (BJ MISERICORDIA),8922801092156754892F,,
,ETS ALBARKA ONE,8922801092156753621F,,
,KIDS HOUSE BY DYANA GBOSSIME,8922801092156753787F,,
,QLS PHARM-A-PEAU,8922801092156753456F,,
,TOP PHONE,8922801092156753563F,,
,CLE-AM EN DIEU,8922801092156753712F,,
,GYMBOREE,8922801092156753704F,,
,REIMAIS,8922801092156753654F,,
,PHARMACIE CONSEILS SAGBADO,8922801092156753506F,,
,OORA AVEDJI,8922801092156753399F,,
,EVER QUEENS HAIR ETS,8922801092156755139F,,
,L'ESCALE AFRICAINE,8922801092156754686F,,
,MELS ET FRERES,8922801092156754942F,,
,CARMEN DANSE,8922801042388861577F,,
,AUX GRANDS SHOES DE GLO,8922801092156754710F,,
,KIDS PLANET,8922801092156754728F,,
,ELECTRO WORLD,8922801092156754642F,,
,MORIJA SEDINA,8922801092156754835f,,
,LA DIFFERENCE EST LELEGANCE,8922801092156754637F,,
,SKYLARK,8922801052024923111F,,
,NOMADS,8922801092156754949F,,
,AZIZ SHOP SPORT CAMPING,8922801092156755097F,,
,AMERICAN OUTLET,8922801092156754876,,
,ELECTRO-WORLD TOKOIN,8922801092156755170F,,
,CLINIQUE SUR LE ROC,8922801092156753670F,,
,CARL-MAX,8922801092156753522F,,
,ATFA,8922801092156755055,,
,NAIMS,8922801092156755014F,,
,DIEU EST AMOUR,8922801092156753597F,,
,CAFE LOFT,8922801102391099498F,,
,BEFORE AND AFTER,8922801092156753514F,,
,BULLE DE SIKA,8922801042388861536F,,
,COCO,8922801092156754868F,,
,COMPUTER PLUS,8922801092156753688F,,
,LA TOUR DES ANGES,8922801092156755030F,,
,BLUE TURTLE CANARIE BAR,8922801092156753472F,,
,UNIVERS DES MARIES,8922801092156753548F,,
,SRAMCO MARINA,8922801092156753662F,,
,INDIGO ETS,8922801092156754678F,,
,EPIC,8922801092156754819f,,
,RO SHOP,8922801092156754751F,,
,LEA SHOP,8922801092156754785F,,
,JAUDIMAD CENTER,8922801092156754975F,,
,THE CARTEL,8922801092156755105F,,
,GAUDETE,8922801092156755113F,,
,MISS RAY,8922801092156754777F,,
,PHARMACIE ALTA AGOE ,8922801092156753571F,,
,MINOU,8922801092156754967F,,
,LEOPOLD TSABA,8922801092156754611F,,
,PATRICK COLLECTION,8922801092156754769F,,
,RAMCO ADIDOGOME,8922801092156754793,,
,ETS MY SUN,8922801042390706653F,,
,LA NOBLESSE,8922801042390706844F,,
,CHEVAL BLANC IMMOBILIER,8922801042390706679F,,
,MAISON DES BIJOUX,8922801042390706562F,,
,ETS SYLCHRIST MAWUPEMON,8922801042390706729f,,
,TOKUMBO,8922801042390707107F,,
,BAUTY-FULL BAGUIDA,8922801042390706851F,,
,BEAUTY-FULL CASSABLANCA,8922801042390706877F,,
,LOLO ANDOCHE 2 FEVRIER,8922801042390706919F,,
,LOLO ANDOCHE ASSIVITO,8922801092156701463F,,
,SOMMET DE LA PYRAMIDE,8922801042390706943F,,
,MKG RELOOKING AKODESSEWA,8922801042390706604F,,
,MKG RELOOKING GBLEKOME,8922801042390707099F,,
,ROYAL Hôtel,8922801042390706737F,,
,K B COSMETIC ET SPA EM,8922801042388861379F,,
,GOD KNOW EXPRESS,8922801042388861411F,,
,MADIBA,8922801042390706620F,,
,MOUNA BOUTIQUE,8922801042390706760F,,
,BSK AUTOMOBILE,8922801042390706612F,,
,DYS FASHION,8922801042390706802F,,
,FLAV-OURS CASSABLANCA,8922801042390707467F,,
,DSKA E AGOE ,8922801092156754991F,,
,SRAMCO MARINA,8922801092156755154F,,
,MESA VERDE ,8922801042388861601F,,
,CO-TO AUTO,8922801042390706588F,,
,PERLE  HAIR AGOE,8922801042390706570F,,
,CELESKA,8922801042390706901F,,
,AUTHENTIQUE MILLIARDAIRE,8922801042390706778F,,
,MICALEX OPTIQUE,8922801042390706810,,
,NGT ZANGERA,8922801042390706950F,,
,NGT SEGBE,8922801042390706711F,,
,HOTEL ALEHERI,8922801042390706885F,,
,MAMOU-FOOD,8922801042390707065F,,
,SAPOLOGIE SHOP,8922801042390706968F,,
,SO CHIC,8922801042390706687F,,
,KRATOS ENERGY,8922801042390706703F,,
,ELIYSHA VOYAGE,8922801042390706901F,,
,N'NA CREA,8922801042390707081F,,
,PHARMACIE SANTA MADONNA,8922801042390706703F,,
,AMEPROFA ET FILS,8922801042390707032F,,
,MAISON DES CARREAUX 1,8922801042390706927f,,
,HARIEL VEGA 1,8922801042390706752F,,
,MAD COMPLEXE,8922801042390706976F,,
,LE PLAISIR DU GOUT,8922801042390706786F,,
,GIFT ROOM LONATO,8922804042390706794F,,
,GIFT ROOM BSIC,8922801042390706661F,,
,CHAMPION MARINA 2,8922801052026928779F,,
,CHAMPION MARINA 1,8922801092156701224F,,
,ELIYSHA VOYAGE KARA,8922801042388878589F,,
,ELIYSHA VOYAGE ATAKPAME,8922801042388878530F,,
,HOTEL SPLENDIDE,8922801042388861403F,,
,PARITEX ETS ,8922801092156701174F,,
,MAISON DES YEUX,8922801042388861429F,,
,ADAWI DJIDJOLE ,8922801042388861544F,,
,ADAWI WUITI,8922801042388861510F,,
,DJK PRESTATION,8922801042388861437F,,
,MAD COMPLEXE 1,8922801092156701398F,,
,CLINIQUE CONTINENTALE,8922801042388861728F,,
,YEDOUBOUAME,8922801042388861718F,,
,CAVE DU BOURGEOIES,8922801042388861759F,,
,LE CROUSTILLANT DE LA CAISSE,8922801042388861767F,,
,CAM,8922801042388861734F,,
,ALTESSE EMPIRE,8922801042388861700F,,
,OLLY SARL,8922801042388861742F,,
,MORIA XPERIENCE,8922801042388861692F,,
,LIBRAIRIE GIONITTO,8922801042388861320F,,
,TONY'S MARKET,8922801042388861346F,,
,ALINETTE CREATION,8922801042388861676F,,
,ROBISON PLAGE,8922801042388861296F,,
,DISTINCTION BY ABS 2 FEVRIER,8922801042388861270F,,
,HARMONY ANDY SHOP (ANDY'S HAIR AVEDJI),8922801042388861304F,,
,PHARMACIE KOBOYO,8922801042388861635F,,
,NAPOLI SHISHA CLUB,8922801042388861643F,,
,ANTHONY LOGISTIQUE SARL U,8922801042388861585F,,
,B&K ENTERPRISES SARL,8922801042388861502F,,
,B&K ENTERPRISES SARL 2,8922801042388878217F,,
,ETS BIJOUTERIE GREAT EBENEZER,8922801042388861288F,,
,THE AVENUE IMPORT-EXPORT,8922801042388861668F,,
,ARTNEGRA KODJOVIAKOPE,8922801042388861627F,,
,H-EHAM 1,8922801052142363349F,,
,H-EHAM 2,8922801052142363265F,,
,H-EHAM 3,8922801052142363216F,,
,LA BRUSCHETTA,8922801092156753761F,,
,MIADJOE,8922801092156701265F,,
,OVER THESKY TRAVEL& TOURS,8922801042388861486F,,
,LALA DRESSING,8922801042390706943F,,
,QUEEN & TOUPOU,8922801042388861452F,,
,MAJESTIC LIFE STYLE,8922801052142363513F,,
,GAGNON NOUDODAN,8922801042388861494f,,
,TECHNO-CLASS,8922801042388861593F,,
,SENA SARL,8922801042388861361F,,
,LES DELICES DE MIYANA,8922801042388861387F,,
,FIHIDE MARKET,8922801042388861619F,,
,STAM,8922801092156701653F,,
,GOD GIVES GRACE,8922801042388878597F,,
,5TH AVANUE ,8922801042388878209F,,
,RAYVI SHOP,8922801042388878159F,,
,SMOOTH COMPUTER,8922801042388878381F,,
,LA PLANQUE,8922801042388878316F,,
,CMS SANTE ROYALE,8922801042388878340F,,
,MA VOIE C'EST JESUS,8922801042388878258F,,
,CCVS,8922801042388878233F,,
,CCVS,8922801042388878423F,,
,EDEN PREMIUM,8922801042388878233F,,
,FUN SPIRIT SARL (ZANZIBAR) 1,8922801102391099340F,,
,FUN SPIRIT SARL (ZANZIBAR) 2,8922801042388878308F,,
,FUN SPIRIT SARL (ZANZIBAR) 3,8922801042390723443F,,
,WAHEGURU TRAVELS,8922801042388878605F,,
,LI 'SWEET,8922801042388878472F,,
,LA MAISON DU BOUBOU,8922801042388878415F,,
,PISCHON HAVILA,8922801042390706976F,,
,OLUXURY CAR RENTAL SARL U,8922801052026928720F,,
,GARAGE SPARK,8922801042388878522F,,
,HOTEL AHODIKPE KING SALOMON GARDEN SARL U,8922801092156700846F,,
,CRECHE BABY RECRE SARL U (ROSA PARKS),8922801042388878126F,,
,LE COMPTOIR DU GOURMET 1,8922801042390706885F,,
,LE COMPTOIR DU GOURMET 2,8922801042388878191F,,
,INTERCOM MOBILE TOGO 2000,8922801042388878373F,,
,INTERCOM MOBILE AGBAVI,8922801042388878175F,,
,GRACE LUTHAZ,8922801042388878183F,,
,TOGO COIFFURE CHEZ RO,8922801042388878167F,,
,WA STYLE,8922801042388878431F,,
,LE MALL DE 1000F,8922801042388878449F,,
,LA TOUR SARL,8922801042388878183F,,
,ETS DOING BETTER BUSINESS,8922801042388878357F,,
,GLOBUS INTERNATIONAL,8922801042388878365F,,
,EDORH AND CO,8922801042390723674F,,
,ALOFA TASSAD,8922801042390723666F,,
,JARDIN D'ELIZ SARL U,8922801042390723310F,,
,DIMANE MOUKPE,8922801042390723278F,,
,DREAMHOUSE ADIDOGOME,8922801042390723336F,,
,DREAMHOUSE DJIDJOLE,8922801042390723286F,,
,ABOLADE,8922801042390723377F,,
,FULLNESS,8922801042390723328F,,
,KELI ESTHETIQUES,8922801042390723369F,,
,BLACK FASHION SEMINAIRE,8922801042390723393F,,
,RACINE BOIS,8922801042390723294F,,
,YES GLOBAL TOGO,8922801042390723351F,,
,LE RECORD,8922801042390723344F,,
,SUPERETTE JEAN AZAR,8922801042390723302F,,
,DAKOF STORE,8922801042390723252F,,
,RESTAURANT LE PECHEUR SARL U,8922801042390723468F,,
,TACHA-LAND SARL U,8922801042390723617F,,
,DREAMHOUSE LEO 2000,8922801042390723625F,,
,EDIMESS PLAGE,8922801042390723609F,,
,HAM OLYMPIANOS,8922801042390723450F,,
,GBEFRAD,8922801042390723385F,,
,EDEN PREMIUM PARFUMERIE,8922801042390723633F,,
,RACH COIFFURE,8922801042390723641F,,
,LA CROUTE DOREE,8922801042390723583F,,
,CHINA MALL 1,8922801092156754678F,,
,CHINA MALL 2,8922801042590723476F,,
,CHINA MALL 3,8922801092156754678F,,
,CHINA MALL 4,8922801042390723500F,,
,CHINA MALL 5,8922801042390723492F,,
,CHINA MALL 6,8922801042390723526F,,
,NORA CONCEPT STORE,8922801042390723518F,,
,MAISON D'HOTES LE KENTIA SARL U,8922801092156754819F,,
,PHARMACIE MAELYS,8922801042390723427F,,
,CFAO MOTORS,8922801042390723443F,,
,GODSAM,8922801042388861437F,,
,LOS AMIGOS (STE LA TERRAZZA),8922801102391099704F,,
,SHISHA RESTO,8922801092156701240F,,
,RT LE RESTAURANT,8922801052142363729F,,
,GLOBAL YASMA,8922801042390706893F,,
,ORITHANE,8922801042390723575F,,
,PLAISIRS D'ITALIE SHOP (PIS),8922801092156700911F,,
,LE WATT AGOE,8922801042388878613F,,
,ENAM TECHNOLOGIES,8922801042388878498F,,
,LE CROUSTILLANT BOULEVARD,8922801042388878316F,,
,LE CROUSTILLANT HEDRZANAWOE,8922801042390723724F,,
,KABIVAN AFRICA,8922801042390723716F,,
,ETINCELLES CHOCOLATS,8922801042390723559F,,
,GAB MFA,8922801042390723732F,,
,HOTEL SAFARI,8922801092156753415F,,
,MELLE PLUS,8922801042388878274F,,
,GARAGE BARROUCH,8922801042388878514F,,
,CARMASTER,8922801042390723682F,,
,G SERV AUTO,8922801092156700887F,,
,SHALOM WE CAN,8922801042388878506F,,
,PRESTIGES PHONES,8922801042390723690F,,
,REHOBOTH VOYAGES,8922801042390723260F,,
,DM ELEGANCE,8922801042388878225F,,
,MAN-BC,8922801042388878290F,,
,MARVAN (LA CANTINE),8922801102391099407F,,
,ODIL SHOP,8922801102391099431F,,
,TANTOLORUN (LANYON BOUTIQUE),8922801102391099217F,,
,PHK ACCESSORIES,8922801102391099456F,,
,PRONTO MOBILE,8922801102391099399F,,
,NANAEL,8922801102391099423F,,
,IMPERIAL BUSINESS SERVICE,8922801102391099357F,,
,ITECH STORE,8922801042390723658F,,
,NANEU SHOP,8922801102391099449F,,
,IN SALON,8922801102391099639F,,
,HAZIEL JEFF,8922801102391099597F,,
,A. K. LA COURONNE,8922801102391099592F,,
,MASSAGELLENCE BY BDM,8922801102391099589F,,
,DREAM DE M'BE NOVISSI,8922801102391099605F,,
,DREAM DE M'BE DJIDJOLE,8922801102391099613F,,
,SPEED TECH TOGO,8922801102391099647F,,
,PHARMACIE KELEGOUGAN,8922801102391099688F,,
,CHANGE THE NATIONS,8922801102391099696F,,
,WESTWIND ETS (LE GLAZE),8922801102391099662F,,
,RESTAURANT O'THAI (H-EHAM),8922801002391099670F,,
,LE HANGAR 1,8922801102391099555F,,
,LE HANGAR 2,8922801102391099514F,,
,MAISON DES LIQUEURS,8922801102391099530F,,
,AGRO-SAN'NTA,8922801102391099571F,,
,CERVEAU STORE,8922801102391099548F,,
,IDS TECHNOLOGIE,8922801102391099522F,,
,LILOUS,8922801102391099282F,,
,OXYGEN 228,8922801102391099266F,,
,CHACHA COIFFURE,8922801102391099241F,,
,SARMATE (LA PLAGE DE CESAR),8922801102391099365F,,
,MARIE G. D. DORCAS,8922801102391099258F,,
,CHIC PRESSING,8922801102391099373F,,
,ACHETIA GROUP,8922801102391099225F,,
,MAMELY,8922801052142363232F,,
,AGENCE MALIKHA TRAVEL,8922801102391099233F,,
,BEAUTE POUR TOUS,8922801102391099308F,,
,AFRICAN BUSINESS CORPORATION SARL (A.B.CO),8922801102391099381F,,
,EMYA CARE,8922801102391099316F,,
,BEACHSIDE BOUTIQUE,8922801102391099324F,,
,SHUT LINGERIE,8922801102391099274F,,
,ETS RK SUPER MARKET,8922801102391099332F,,
,LE VINICI (CAVE A VIN),8922801102391099290F,,